code,name,due_date
1EFV1000,JYP Ent.   F 202401 (  10),2024-01-11
145V1000,LGD        F 202401 (  10),2024-01-11
1CRV1000,LG��Ȱ�ǰ� F 202401 (  10),2024-01-11
1F5V1000,LG�������� F 202401 (  10),2024-01-11
1BYV1000,LG�̳���   F 202401 (  10),2024-01-11
124V1000,LG����     F 202401 (  10),2024-01-11
147V1000,LGȭ��     F 202401 (  10),2024-01-11
1DBV1000,LIG�ؽ���  F 202401 (  10),2024-01-11
1FSV1000,LS         F 202401 (  10),2024-01-11
1BXV1000,LX���ͳ��� F 202401 (  10),2024-01-11
156V1000,NAVER      F 202401 (  10),2024-01-11
1B2V1000,S-Oil      F 202401 (  10),2024-01-11
1EJV1000,SKC        F 202401 (  10),2024-01-11
1F9V1000,SK���̿��� F 202401 (  10),2024-01-11
1FFV1000,SK���̿��� F 202401 (  10),2024-01-11
1FEV1000,SK������   F 202401 (  10),2024-01-11
1FBV1000,SK�������� F 202401 (  10),2024-01-11
141V1000,SK�̳뺣�� F 202401 (  10),2024-01-11
112V1000,SK�ڷ���   F 202401 (  10),2024-01-11
150V1000,SK���̴н� F 202401 (  10),2024-01-11
1G7V1000,��       F 202401 (  10),2024-01-11
1C3V1000,��ȣ����   F 202401 (  10),2024-01-11
119V1000,���       F 202401 (  10),2024-01-11
1B4V1000,�������   F 202401 (  10),2024-01-11
1E5V1000,�ݸ���     F 202401 (  10),2024-01-11
1DAV1000,���       F 202401 (  10),2024-01-11
1B6V1000,���       F 202401 (  10),2024-01-11
1FWV1000,��������   F 202401 (  10),2024-01-11
157V1000,�����װ�   F 202401 (  10),2024-01-11
1G8V1000,����׿��� F 202401 (  10),2024-01-11
1FXV1000,����       F 202401 (  10),2024-01-11
1ENV1000,��������� F 202401 (  10),2024-01-11
1DWV1000,�λ��Ĺ   F 202401 (  10),2024-01-11
1B9V1000,�λ꿡�ʺ� F 202401 (  10),2024-01-11
1FYV1000,�λ�ǻ�� F 202401 (  10),2024-01-11
1G9V1000,�����͹��� F 202401 (  10),2024-01-11
1BAV1000,�Ե�����   F 202401 (  10),2024-01-11
1EDV1000,�Ե������� F 202401 (  10),2024-01-11
1FZV1000,�Ե�����   F 202401 (  10),2024-01-11
1BBV1000,�Ե��ɹ�Į F 202401 (  10),2024-01-11
1FQV1000,�������   F 202401 (  10),2024-01-11
1DPV1000,�޵��彺   F 202401 (  10),2024-01-11
1FKV1000,�޸������� F 202401 (  10),2024-01-11
148V1000,�̷������� F 202401 (  10),2024-01-11
1EWV1000,����       F 202401 (  10),2024-01-11
1EQV1000,����ġ   F 202401 (  10),2024-01-11
122V1000,�ＺSDI    F 202401 (  10),2024-01-11
1C5V1000,�ＺSDS    F 202401 (  10),2024-01-11
1C8V1000,�Ｚ����   F 202401 (  10),2024-01-11
1ESV1000,�Ｚ���̿� F 202401 (  10),2024-01-11
1BDV1000,�Ｚ����   F 202401 (  10),2024-01-11
1ETV1000,�Ｚ������ F 202401 (  10),2024-01-11
123V1000,�Ｚ����   F 202401 (  10),2024-01-11
111V1000,�Ｚ����   F 202401 (  10),2024-01-11
1BFV1000,�Ｚ�߰��� F 202401 (  10),2024-01-11
1F4V1000,��õ������ F 202401 (  10),2024-01-11
1CJV1000,����ݵ�ü F 202401 (  10),2024-01-11
1CPV1000,��Ʈ����   F 202401 (  10),2024-01-11
1EZV1000,��Ʃ����� F 202401 (  10),2024-01-11
1EGV1000,�ֿ�C&E    F 202401 (  10),2024-01-11
1G0V1000,���������� F 202401 (  10),2024-01-11
1CLV1000,����       F 202401 (  10),2024-01-11
1CSV1000,�Ƹ�G    F 202401 (  10),2024-01-11
1C6V1000,�Ƹ��۽� F 202401 (  10),2024-01-11
1E2V1000,�ȷ�       F 202401 (  10),2024-01-11
1FPV1000,���׿���   F 202401 (  10),2024-01-11
1G2V1000,��������� F 202401 (  10),2024-01-11
1DVV1000,���������� F 202401 (  10),2024-01-11
1E4V1000,������     F 202401 (  10),2024-01-11
1EYV1000,�������κ� F 202401 (  10),2024-01-11
1BJV1000,��������Ʈ F 202401 (  10),2024-01-11
1FMV1000,���ؿ���   F 202401 (  10),2024-01-11
1DGV1000,��������   F 202401 (  10),2024-01-11
1FJV1000,������     F 202401 (  10),2024-01-11
1CQV1000,���������� F 202401 (  10),2024-01-11
1E0V1000,����IPS    F 202401 (  10),2024-01-11
1FNV1000,�����̵�   F 202401 (  10),2024-01-11
1D6V1000,���Ѿ���   F 202401 (  10),2024-01-11
154V1000,�̸�Ʈ     F 202401 (  10),2024-01-11
1GCV1000,�̿���ũ�� F 202401 (  10),2024-01-11
1C7V1000,���ϱ�ȹ   F 202401 (  10),2024-01-11
1F0V1000,õ��       F 202401 (  10),2024-01-11
1CFV1000,īī��     F 202401 (  10),2024-01-11
1EXV1000,īī������ F 202401 (  10),2024-01-11
1F6V1000,īī����ũ F 202401 (  10),2024-01-11
1F7V1000,īī������ F 202401 (  10),2024-01-11
1DRV1000,������     F 202401 (  10),2024-01-11
136V1000,����Ƽ���� F 202401 (  10),2024-01-11
1DKV1000,�ڽ��ƽ�   F 202401 (  10),2024-01-11
1CWV1000,�ڿ���     F 202401 (  10),2024-01-11
1F1V1000,�ݸ���ؿ� F 202401 (  10),2024-01-11
1F8V1000,ũ������   F 202401 (  10),2024-01-11
1GDV1000,Ŭ���ý�   F 202401 (  10),2024-01-11
1GEV1000,Ƽ������   F 202401 (  10),2024-01-11
1CGV1000,�Ķ���̽� F 202401 (  10),2024-01-11
1E3V1000,��Ʈ��     F 202401 (  10),2024-01-11
1EHV1000,�ҿ���     F 202401 (  10),2024-01-11
1FLV1000,�޾��   F 202401 (  10),2024-01-11
1CNV1000,������DX   F 202401 (  10),2024-01-11
1B7V1000,���������� F 202401 (  10),2024-01-11
1E8V1000,������ǻó F 202401 (  10),2024-01-11
1GFV1000,�ǿ�Ƽ     F 202401 (  10),2024-01-11
140V1000,�ϳ�����   F 202401 (  10),2024-01-11
1DNV1000,�ϳ�����   F 202401 (  10),2024-01-11
1FCV1000,���̺�     F 202401 (  10),2024-01-11
1BKV1000,����Ʈ���� F 202401 (  10),2024-01-11
128V1000,�ѱ�����   F 202401 (  10),2024-01-11
1BLV1000,�ѱ������� F 202401 (  10),2024-01-11
115V1000,�ѱ�����   F 202401 (  10),2024-01-11
1DEV1000,�ѱ��ݸ�   F 202401 (  10),2024-01-11
155V1000,�ѱ�Ÿ�̾� F 202401 (  10),2024-01-11
1BMV1000,�ѱ��װ��� F 202401 (  10),2024-01-11
1CVV1000,�ѹ̻��̾� F 202401 (  10),2024-01-11
1CXV1000,�ѹ̾�ǰ   F 202401 (  10),2024-01-11
1D2V1000,�ѻ�       F 202401 (  10),2024-01-11
1DZV1000,�Ѽ��Ǿ�   F 202401 (  10),2024-01-11
1G4V1000,�Ѽ��ɹ�Į F 202401 (  10),2024-01-11
1CYV1000,�ѿ½ý��� F 202401 (  10),2024-01-11
1EEV1000,�ѿù��̿� F 202401 (  10),2024-01-11
1G5V1000,����Į     F 202401 (  10),2024-01-11
1C9V1000,��ȭ       F 202401 (  10),2024-01-11
1CBV1000,��ȭ�ַ�� F 202401 (  10),2024-01-11
1EVV1000,��ȭ�ý��� F 202401 (  10),2024-01-11
1BHV1000,��ȭ����� F 202401 (  10),2024-01-11
1FVV1000,��ȭ����   F 202401 (  10),2024-01-11
1BNV1000,����Ǽ�   F 202401 (  10),2024-01-11
1CCV1000,����۷κ� F 202401 (  10),2024-01-11
1G6V1000,�������   F 202401 (  10),2024-01-11
120V1000,������ F 202401 (  10),2024-01-11
1CDV1000,��������� F 202401 (  10),2024-01-11
1D8V1000,�����ȭ�� F 202401 (  10),2024-01-11
1DYV1000,���뿤���� F 202401 (  10),2024-01-11
1BPV1000,��������   F 202401 (  10),2024-01-11
132V1000,������ö   F 202401 (  10),2024-01-11
116V1000,������     F 202401 (  10),2024-01-11
1CEV1000,�����ػ�   F 202401 (  10),2024-01-11
1BQV1000,ȣ�ڽŶ�   F 202401 (  10),2024-01-11
1GGV1000,����       F 202401 (  10),2024-01-11
